quarter,date,price,cpi,rate,rate_n,cpi_n,price_real,price_index,price_real_index,payment,payment_real,payment_constant_rate_real
2021Q1,2021-01-01,355000,263.74233333333336,2.875833333333333,12,3,355000,100,100,1178.421141610029,1178.421141610029,1178.421141610029
2021Q2,2021-04-01,367800,268.5503333333333,3.0038461538461543,13,3,361215.0802270463,103.6056338028169,101.75072682452009,1241.1381414955201,1218.9173826893732,1199.0520766420116
2021Q3,2021-07-01,395200,272.8296666666667,2.8721428571428573,14,3,382036.79023175634,111.32394366197182,107.61599724838207,1311.241266338685,1267.566813288094,1268.1696633294014
2021Q4,2021-10-01,414000,278.77133333333336,3.079230769230769,13,3,391680.6103927472,116.61971830985915,110.33256630781612,1410.5448659673339,1334.5001789575874,1300.1822874522093
2022Q1,2022-01-01,413500,284.90566666666666,3.8223076923076933,13,3,382784.4356670103,116.47887323943662,107.82660159634094,1545.5907448906976,1430.7813326605558,1270.6514694908985
2022Q2,2022-04-01,437700,291.6053333333333,5.266153846153847,13,3,395877.5992894507,123.29577464788733,111.51481670125372,1937.1014391483948,1752.0106632629802,1314.1141760352452
2022Q3,2022-07-01,438000,295.453,5.6230769230769235,13,3,390989.9104087622,123.38028169014085,110.13800293204571,2016.674619476961,1800.2270063765334,1297.8895114983004
2022Q4,2022-10-01,442600,298.5416666666667,6.664615384615384,13,3,391008.5919888346,124.67605633802818,110.14326534896749,2276.495717401789,2011.1373364886704,1297.9515249318663
2023Q1,2023-01-01,429000,301.23033333333336,6.372307692307692,13,3,375611.1137545909,120.84507042253522,105.80594753650448,2140.5171949820733,1874.130647128367,1246.8396548509845
2023Q2,2023-04-01,418500,303.3976666666667,6.510769230769229,13,3,363800.314328939,117.88732394366197,102.47896178279973,2118.5354840686964,1841.6341099670317,1207.6337513509739
2023Q3,2023-07-01,435400,305.98900000000003,7.040000000000001,13,3,375286.0786934607,122.64788732394366,105.71438836435512,2326.7464129926016,2005.5019233947376,1245.7607022092932
2023Q4,2023-10-01,423200,308.195,7.303846153846154,13,3,362159.52713920304,119.21126760563381,102.01676820822621,2321.953924513172,1987.0456884232208,1202.1871645530366
2024Q1,2024-01-01,426800,311.00333333333333,6.748461538461539,13,3,361942.19097330153,120.22535211267606,101.95554675304268,2214.2241786677596,1877.74402655358,1201.4657179819524
2024Q2,2024-04-01,414500,313.0806666666667,6.995384615384615,13,3,349179.0097759683,116.7605633802817,98.36028444393475,2205.1153169476133,1857.611538754133,1159.0983868350875
2024Q3,2024-07-01,415300,314.12100000000004,6.50846153846154,13,3,348694.2644182762,116.98591549295774,98.22373645585245,2101.8319703279026,1764.7405558013584,1157.4892764750828
2024Q4,2024-10-01,419300,316.5876666666666,6.632307692307691,13,3,349309.75527578994,118.11267605633803,98.39711416219436,2149.480162879156,1790.685403447372,1159.5323960214541
