"title","company","location","workplace","experience","published","status","url","eligible"
"Data Analyst","Affirm","Remote","Remote","0 - 3 years","Sep 8, 2026","Active","https://www.dataanalyst.com/job/data-analyst-428cb",TRUE
"Data Analytics Consultant","Allstate","Remote","Remote","0 - 3 years","Sep 8, 2026","Active","https://www.dataanalyst.com/job/data-analytics-consultant-f6bdf",FALSE
"Data Analyst, Payment Integrity","Optum","Remote","Remote","0 - 3 years","Sep 8, 2026","Active","https://www.dataanalyst.com/job/data-analyst-payment-integrity",TRUE
"Data Analyst, Metrics & Reporting","Live Nation Entertainment","Remote","Remote","0 - 3 years","Sep 8, 2026","Active","https://www.dataanalyst.com/job/data-analyst-metrics-reporting",TRUE
"Junior Data Analyst","Calibrate","Remote","Remote","0 - 3 years","Sep 8, 2026","Active","https://www.dataanalyst.com/job/junior-data-analyst-b2b41",TRUE
"Senior Data Analyst, Med Tech","YipitData","Remote","Remote","0 - 3 years","Aug 27, 2026","Active","https://www.dataanalyst.com/job/senior-data-analyst-med-tech",FALSE
"Data Analyst, Geospatial","Bart & Associates","Remote","Remote","0 - 3 years","Aug 27, 2026","Active","https://www.dataanalyst.com/job/data-analyst-geospatial-a734f",TRUE
"Data Science Analyst","CVS Health","Remote","Remote","0 - 3 years","Aug 27, 2026","Active","https://www.dataanalyst.com/job/data-science-analyst-cad84",FALSE
"Data Analyst","CFA Institute","Remote","Remote","0 - 3 years","Aug 26, 2026","Active","https://www.dataanalyst.com/job/data-analyst-a6872",TRUE
"Data Analyst","Aflac","Remote","Remote","0 - 3 years","Aug 26, 2026","Active","https://www.dataanalyst.com/job/data-analyst-9e810",TRUE
"Data Analyst, Research","Johns Hopkins University","Remote","Remote","0 - 3 years","Aug 26, 2026","Active","https://www.dataanalyst.com/job/data-analyst-research-f6060",TRUE
"Data Analyst, Advanced Analytics","Liberty Mutual","Remote","Remote","0 - 3 years","Aug 24, 2026","Active","https://www.dataanalyst.com/job/data-analyst-advanced-analytics-c7d70",TRUE
"Junior Data Analyst, Health","GBMC HealthCare","Baltimore, MD","Hybrid","0 - 3 years","Aug 24, 2026","Active","https://www.dataanalyst.com/job/junior-data-analyst-health",TRUE
"Revenue Operations Analyst","Affirm","Remote","Remote","0 - 3 years","Aug 19, 2026","Active","https://www.dataanalyst.com/job/revenue-operations-analyst-f2c1e",FALSE
"Reporting Analyst","Inspira Financial","Remote","Remote","0 - 3 years","Aug 19, 2026","Active","https://www.dataanalyst.com/job/reporting-analyst-5a6eb",FALSE
"Sales Operations Analyst","Thomson Reuters","Frisco, TX","Hybrid","0 - 3 years","Aug 11, 2026","Active","https://www.dataanalyst.com/job/sales-operations-analyst-be91a",FALSE
"Product Analyst","LifeStance Health","Remote","Remote","0 - 3 years","Aug 6, 2026","Active","https://www.dataanalyst.com/job/product-analyst-91712",FALSE
"Data Analyst, Strategy","Credit Acceptance","Remote","Remote","0 - 3 years","Aug 6, 2026","Active","https://www.dataanalyst.com/job/data-analyst-strategy-e6a88",TRUE
"Data Analyst, Sales","Workiva","Remote","Remote","0 - 3 years","Aug 6, 2026","Active","https://www.dataanalyst.com/job/data-analyst-sales-c0967",TRUE
"Senior Data Analyst","Capital One","McLean, VA","In-office","0 - 3 years","Aug 3, 2026","Active","https://www.dataanalyst.com/job/senior-data-analyst-5b542",FALSE
"Digital Analyst","REI","Remote","Remote","0 - 3 years","Aug 1, 2026","Active","https://www.dataanalyst.com/job/digital-analyst",FALSE
"Senior Business Intelligence Analyst","Humana","Remote","Remote","0 - 3 years","Jul 30, 2026","Active","https://www.dataanalyst.com/job/senior-business-intelligence-analyst-f705e",FALSE
"Data Analyst, GTM Analytics & BI","Pegasystems","Remote","Remote","0 - 3 years","Jul 29, 2026","Active","https://www.dataanalyst.com/job/data-analyst-gtm-analytics-bi",TRUE
"Data Analyst, Health","Prime Therapeutics","Remote","Remote","0 - 3 years","Jul 29, 2026","Active","https://www.dataanalyst.com/job/data-analyst-health-a69ce",TRUE
"Data Analyst","IQVIA","Remote","Remote","0 - 3 years","Jul 29, 2026","Active","https://www.dataanalyst.com/job/data-analyst-b71e1",TRUE
"Product Analyst","FanDuel","New York, NY","Hybrid","0 - 3 years","Jul 28, 2026","Active","https://www.dataanalyst.com/job/product-analyst-291c9",FALSE
"Data Analyst, Digital Insights & Optimization","Ralph Lauren","New York, NY","In-office","0 - 3 years","Jul 22, 2026","Active","https://www.dataanalyst.com/job/data-analyst-digital-insights-optimization",TRUE
"Data Analyst, Advanced Analytics","Hilton","McLean, VA","Hybrid","0 - 3 years","Jul 22, 2026","Active","https://www.dataanalyst.com/job/data-analyst-advanced-analytics-94646",TRUE
"Junior Data Analyst","Morgan Stanley","Dallas, TX","In-office","0 - 3 years","Jul 22, 2026","Active","https://www.dataanalyst.com/job/junior-data-analyst-9f092",TRUE
"Associate Data Analyst","ICF","Remote","Remote","0 - 3 years","Jul 20, 2026","Active","https://www.dataanalyst.com/job/associate-data-analyst-0ee7e",TRUE
"Data Science Analyst","eBay","Austin, TX","Hybrid","0 - 3 years","Jul 20, 2026","Active","https://www.dataanalyst.com/job/data-science-analyst-5733b",FALSE
"Senior Data Analyst, Customer Analytics","Stryker","Remote","Remote","0 - 3 years","Jul 16, 2026","Active","https://www.dataanalyst.com/job/senior-data-analyst-customer-analytics-cc9d6",FALSE
"Data Analyst, Audit","The Coca-Cola Company","Atlanta, GA","Hybrid","0 - 3 years","Jul 16, 2026","Active","https://www.dataanalyst.com/job/data-analyst-audit-a76e0",TRUE
"Data Analyst, Pricing","Ticketmaster","Remote","Remote","0 - 3 years","Jul 16, 2026","Active","https://www.dataanalyst.com/job/data-analyst-pricing-b58d9",TRUE
"Insights Analyst, Mobile Analytics","NPR","Remote","Remote","0 - 3 years","Jul 16, 2026","Active","https://www.dataanalyst.com/job/insights-analyst-mobile-analytics",FALSE
"Product Data Analyst, Acquiring Operations","NMI","Remote","Remote","0 - 3 years","Jul 14, 2026","Active","https://www.dataanalyst.com/job/product-data-analyst-acquiring-operations",TRUE
"Data Analyst, Product","1Password","Remote","Remote","0 - 3 years","Jul 10, 2026","Active","https://www.dataanalyst.com/job/data-analyst-product-0d1e2",TRUE
"Data Analyst, Digital Workplace","American Express","Atlanta, GA","Hybrid","0 - 3 years","Jul 10, 2026","Active","https://www.dataanalyst.com/job/data-analyst-digital-workplace",TRUE
"Data Analyst, Research","Johns Hopkins University","Remote","Remote","0 - 3 years","Jul 9, 2026","Active","https://www.dataanalyst.com/job/data-analyst-research-86c65",TRUE
"Insight Analyst, Valorant","Riot Games","Los Angeles, CA","In-office","0 - 3 years","Jul 9, 2026","Active","https://www.dataanalyst.com/job/insight-analyst-valorant",FALSE
"Strategic Analytics Associate","JPMorgan Chase & Co.","Jersey City, NJ","In-office","0 - 3 years","Jul 9, 2026","Active","https://www.dataanalyst.com/job/strategic-analytics-associate",FALSE
"Business Intelligence Analyst","Lumen","Remote","Remote","0 - 3 years","Jul 8, 2026","Active","https://www.dataanalyst.com/job/business-intelligence-analyst-a0ba9",FALSE
"Data Analyst, User Analytics","Fetch","Remote","Remote","0 - 3 years","Jul 8, 2026","Active","https://www.dataanalyst.com/job/data-analyst-user-analytics",TRUE
"Senior Data Analyst, Customer Analytics","Dentsu","Remote","Remote","0 - 3 years","Jul 6, 2026","Active","https://www.dataanalyst.com/job/senior-data-analyst-customer-analytics",FALSE
"Reporting & Insights Analyst, Retail Media","DICK’S Sporting Goods","Remote","Remote","0 - 3 years","Jul 6, 2026","Active","https://www.dataanalyst.com/job/reporting-insights-analyst-retail-media",FALSE
"Data Analyst","Molina Healthcare","Remote","Remote","0 - 3 years","Jul 2, 2026","Active","https://www.dataanalyst.com/job/data-analyst-bebde",TRUE
"Data Analyst, Product Growth & GTM Strategy","Salesforce","New York, NY","Hybrid","0 - 3 years","Jul 2, 2026","Active","https://www.dataanalyst.com/job/data-analyst-product-growth-gtm-strategy",TRUE
"Business Analyst, Operations Analytics","Spring Health","Remote","Remote","0 - 3 years","Jun 30, 2026","Active","https://www.dataanalyst.com/job/business-analyst-operations-analytics",FALSE
"Data Analyst, Ops","Paylocity","Remote","Remote","0 - 3 years","Jun 30, 2026","Active","https://www.dataanalyst.com/job/data-analyst-ops-ca1e9",TRUE
"Quantitative Analytics Associate","JPMorgan Chase & Co.","Wilmington, DE","In-office","0 - 3 years","Jun 30, 2026","Active","https://www.dataanalyst.com/job/quantitative-analytics-associate",FALSE
"Data Governance Analyst","UPMC","Pittsburgh, PA","Hybrid","0 - 3 years","Jun 30, 2026","Active","https://www.dataanalyst.com/job/data-governance-analyst",FALSE
"Data Analyst, Advanced Analytics","Liberty Mutual","Remote","Remote","0 - 3 years","Jun 29, 2026","Active","https://www.dataanalyst.com/job/data-analyst-advanced-analytics-8df9c",TRUE
"Data Analyst, Revenue","DoorDash","Remote","Remote","0 - 3 years","Jun 29, 2026","Active","https://www.dataanalyst.com/job/data-analyst-revenue",TRUE
"Senior Data Analytics Consultant","Allstate","Remote","Remote","0 - 3 years","Jun 24, 2026","Active","https://www.dataanalyst.com/job/senior-data-analytics-consultant",FALSE
"Data Analyst","Bestow","Remote","Remote","0 - 3 years","Jun 24, 2026","Active","https://www.dataanalyst.com/job/data-analyst-67665",TRUE
"Associate, BizOps & Analytics","Jerry","Remote","Remote","0 - 3 years","Jun 23, 2026","Active","https://www.dataanalyst.com/job/associate-bizops-analytics-71bd0",FALSE
"Senior Data Analyst, Operational Insights","T-Mobile","Bellevue, WA","In-office","0 - 3 years","Jun 23, 2026","Active","https://www.dataanalyst.com/job/senior-data-analyst-operational-insights",FALSE
"Senior Data Analyst","Carlyle Group","Washington, D.C.","Hybrid","0 - 3 years","Jun 23, 2026","Active","https://www.dataanalyst.com/job/senior-data-analyst-14a60",FALSE
"Data Analyst, Technical Staff","Intermountain Health","Remote","Remote","0 - 3 years","Jun 23, 2026","Active","https://www.dataanalyst.com/job/data-analyst-technical-staff",TRUE
"Product Analyst","T. Rowe Price","Baltimore, MD","Hybrid","0 - 3 years","Jun 22, 2026","Active","https://www.dataanalyst.com/job/product-analyst-e2ba1",FALSE
"Data Analyst","Mass General","Remote","Remote","0 - 3 years","Jun 22, 2026","Active","https://www.dataanalyst.com/job/data-analyst-40710",TRUE
"Data Analyst","Boeing","Long Beach, CA","In-office","0 - 3 years","Jun 22, 2026","Active","https://www.dataanalyst.com/job/data-analyst-ac198",TRUE
"Data Science Analyst","Stride","Remote","Remote","0 - 3 years","Jun 17, 2026","Active","https://www.dataanalyst.com/job/data-science-analyst-b5be7",FALSE
"Data Analyst","Molina Healthcare","Remote","Remote","0 - 3 years","Jun 17, 2026","Active","https://www.dataanalyst.com/job/data-analyst-8b59e",TRUE
"Business Insights Analyst","Circana","Remote","Remote","0 - 3 years","Jun 16, 2026","Active","https://www.dataanalyst.com/job/business-insights-analyst",FALSE
"Data Analyst, Advanced Analytics","Medtronic","Remote","Remote","0 - 3 years","Jun 16, 2026","Active","https://www.dataanalyst.com/job/data-analyst-advanced-analytics",TRUE
"Data Analyst, Credit","SitusAMC","Remote","Remote","0 - 3 years","Jun 15, 2026","Active","https://www.dataanalyst.com/job/data-analyst-credit-6d4f8",TRUE
"Data Analyst, US Wealth","Nomura","Philadelphia, PA","In-office","0 - 3 years","Jun 12, 2026","Active","https://www.dataanalyst.com/job/data-analyst-us-wealth",TRUE
"Data Analyst, Growth & Markets","EverCommerce","Remote","Remote","0 - 3 years","Jun 12, 2026","Active","https://www.dataanalyst.com/job/data-analyst-growth-markets",TRUE
"Associate, BizOps & Analytics","Jerry","Remote","Remote","0 - 3 years","Jun 12, 2026","Active","https://www.dataanalyst.com/job/associate-bizops-analytics",FALSE
"Product Operations Analyst","Eagleview","Remote","Remote","0 - 3 years","Jun 12, 2026","Active","https://www.dataanalyst.com/job/product-operations-analyst-fa85f",FALSE
"Revenue Operations Analyst","Sona","New York, NY","Hybrid","0 - 3 years","Jun 10, 2026","Active","https://www.dataanalyst.com/job/revenue-operations-analyst-e1d9e",FALSE
"Product Analyst","Edmentum","Remote","Remote","0 - 3 years","Jun 10, 2026","Active","https://www.dataanalyst.com/job/product-analyst-98d65",FALSE
"Analytics Consultant","GE Healthcare","Remote","Remote","0 - 3 years","Jun 8, 2026","Active","https://www.dataanalyst.com/job/analytics-consultant",FALSE
"Data Analyst, Clinical Data Effectiveness","Clover Health","Remote","Remote","0 - 3 years","Jun 8, 2026","Active","https://www.dataanalyst.com/job/data-analyst-clinical-data-effectiveness",TRUE
"Data Analyst","Whalar","Remote","Remote","0 - 3 years","Jun 8, 2026","Active","https://www.dataanalyst.com/job/data-analyst-e2c4d",TRUE
"Data Analyst, Finance & Analytics","Molina Healthcare","Remote","Remote","0 - 3 years","Jun 8, 2026","Active","https://www.dataanalyst.com/job/data-analyst-finance-analytics-e8802",TRUE
"Data Analyst","Modern Health","Remote","Remote","0 - 3 years","Jun 8, 2026","Active","https://www.dataanalyst.com/job/data-analyst-2bc26",TRUE
"Data Analyst","Jump - Advisor AI","Remote","Remote","0 - 3 years","Jun 4, 2026","Active","https://www.dataanalyst.com/job/data-analyst-382a2",TRUE
"Data Analyst","iHeartMedia","New York, NY","In-office","0 - 3 years","Jun 2, 2026","Active","https://www.dataanalyst.com/job/data-analyst-7683e",TRUE
"Product Analyst","Snowflake","Menlo Park, CA","In-office","0 - 3 years","May 20, 2026","Active","https://www.dataanalyst.com/job/product-analyst-c1a89",FALSE
"Data Analyst","Northwell Health","New York, NY","In-office","0 - 3 years","May 20, 2026","Active","https://www.dataanalyst.com/job/data-analyst-3ab7e",TRUE
"Data Analyst","Law360","Remote","Remote","0 - 3 years","May 20, 2026","Active","https://www.dataanalyst.com/job/data-analyst-de94a",TRUE
"Reporting Analyst","Leidos","Remote","Remote","0 - 3 years","May 20, 2026","Active","https://www.dataanalyst.com/job/reporting-analyst",FALSE
"Data Analyst","Regions Bank","Remote","Remote","0 - 3 years","May 16, 2026","Active","https://www.dataanalyst.com/job/data-analyst-c0078",TRUE
"Rebate Analyst","MedImpact","Remote","Remote","0 - 3 years","May 14, 2026","Active","https://www.dataanalyst.com/job/rebate-analyst",FALSE
"Research Analyst, Construction","Zonda","Remote","Remote","0 - 3 years","May 14, 2026","Active","https://www.dataanalyst.com/job/research-analyst-construction",FALSE
"Data Conversion Analyst","Grant Street Group","Remote","Remote","0 - 3 years","May 14, 2026","Active","https://www.dataanalyst.com/job/data-conversion-analyst",FALSE
"Data Analyst, Provider Configuration","Molina Healthcare","Remote","Remote","0 - 3 years","May 14, 2026","Active","https://www.dataanalyst.com/job/data-analyst-provider-configuration",TRUE
"Data Analyst","UW Health","Remote","Remote","0 - 3 years","May 14, 2026","Active","https://www.dataanalyst.com/job/data-analyst-c49a8",TRUE
"Data Analyst, Sales","World's Finest Chocolate","Remote","Remote","0 - 3 years","May 8, 2026","Active","https://www.dataanalyst.com/job/data-analyst-sales-24bac",TRUE
"Data Analyst, Marketing","NinjaOne","Remote","Remote","0 - 3 years","May 8, 2026","Active","https://www.dataanalyst.com/job/data-analyst-marketing-ff15e",TRUE
"Senior Analyst, Digital Optimization","Wyndham Hotels & Resorts","Remote","Remote","0 - 3 years","May 8, 2026","Active","https://www.dataanalyst.com/job/senior-analyst-digital-optimization",FALSE
"Business Intelligence Analyst","Visa","Austin, TX","Hybrid","0 - 3 years","May 8, 2026","Active","https://www.dataanalyst.com/job/business-intelligence-analyst-b8dd2",FALSE
"Business Intelligence Analyst","Schneider Electric","Dallas, TX","Hybrid","0 - 3 years","May 8, 2026","Active","https://www.dataanalyst.com/job/business-intelligence-analyst-a9e5b",FALSE
"Commercial Data Analyst","FanDuel","New York, NY","Hybrid","0 - 3 years","May 7, 2026","Active","https://www.dataanalyst.com/job/commercial-data-analyst",TRUE
"Data Analyst","Mass General","Boston, MA","In-office","0 - 3 years","May 7, 2026","Active","https://www.dataanalyst.com/job/data-analyst-4b461",TRUE
"Business Intelligence Analyst","OpenX","Remote","Remote","0 - 3 years","May 5, 2026","Active","https://www.dataanalyst.com/job/business-intelligence-analyst-29115",FALSE
"Marketing Analyst","DraftKings","Boston, MA","In-office","0 - 3 years","May 5, 2026","Active","https://www.dataanalyst.com/job/marketing-analyst-75468",FALSE
"Product Analyst","Avantor","Remote","Remote","0 - 3 years","May 5, 2026","Active","https://www.dataanalyst.com/job/product-analyst-c2bc5",FALSE
