"YEAR","MONTH","education","population","employed","unemployed","labor_force","sample_records"
2019,1,"Bachelor's or higher",63006572.0746,52696818.2995,1313333.34,54010151.6395,23152
2019,1,"High school diploma",45803552.2022,32060008.1723,1477417.2984,33537425.4707,17222
2019,1,"Less than high school",15490701.5992,8877642.2755,744901.3961,9622543.6716,5307
2019,1,"Some college / associate",44060682.1407,33506759.859,1265137.2975,34771897.1565,16797
2019,2,"Bachelor's or higher",63268823.5938,53463525.8899,1171697.6921,54635223.582,23004
2019,2,"High school diploma",45875896.8842,32186693.9722,1469592.2441,33656286.2163,17045
2019,2,"Less than high school",15336027.2226,8646059.0209,650181.6138,9296240.6347,5140
2019,2,"Some college / associate",43917727.3117,33407096.0334,1208259.1633,34615355.1967,16565
2019,3,"Bachelor's or higher",63219932.123,53334123.7893,1060249.2275,54394373.0168,22549
2019,3,"High school diploma",45736416.0278,32097620.5414,1373325.7187,33470946.2601,16985
2019,3,"Less than high school",15513406.6943,8762693.9503,659474.5878,9422168.5381,5170
2019,3,"Some college / associate",43960364.1278,33306227.6314,1244784.805,34551012.4364,16362
2019,4,"Bachelor's or higher",63117115.7462,53019987.8312,981014.0975,54001001.9287,22754
2019,4,"High school diploma",45432471.6617,32233588.5668,1133846.6811,33367435.2479,17089
2019,4,"Less than high school",15517675.8389,8902866.9043,487739.5232,9390606.4275,5272
2019,4,"Some college / associate",44402119.7555,33840623.9097,1027891.3386,34868515.2483,16762
2019,5,"Bachelor's or higher",62815595.774,52787962.7601,1029497.4607,53817460.2208,22334
2019,5,"High school diploma",45551806.4657,32172543.4911,1110354.5625,33282898.0536,16829
2019,5,"Less than high school",15634120.014,9009152.4643,417482.4802,9426634.9445,5210
2019,5,"Some college / associate",44509828.7487,34093322.9664,890527.2853,34983850.2517,16397
2019,6,"Bachelor's or higher",63113269.406,52686302.1325,1179179.3168,53865481.4493,22294
2019,6,"High school diploma",45734591.6198,32128856.9941,1256167.9313,33385024.9254,16957
2019,6,"Less than high school",15566875.8189,9058352.1511,444227.8008,9502579.9519,5228
2019,6,"Some college / associate",44143523.157,33573651.6522,1010098.4505,34583750.1027,16281
2019,7,"Bachelor's or higher",63649638.6606,52501666.5346,1372611.7033,53874278.2379,22364
2019,7,"High school diploma",46224527.7408,32449751.6144,1253688.5197,33703440.1341,16742
2019,7,"Less than high school",14882384.4496,8756763.9108,425718.696,9182482.6068,4866
2019,7,"Some college / associate",43856095.1539,33382349.9973,1156754.9177,34539104.915,16002
2019,8,"Bachelor's or higher",63299590.5227,52603447.6354,1301851.3122,53905298.9476,22718
2019,8,"High school diploma",46478429.7704,32816579.91,1269279.9867,34085859.8967,17152
2019,8,"Less than high school",14817581.3078,8830183.437,453521.93,9283705.367,4951
2019,8,"Some college / associate",44041460.3768,33662614.5196,1118736.5347,34781351.0543,16305
2019,9,"Bachelor's or higher",63660046.4231,53689607.7943,1051295.8008,54740903.5951,22715
2019,9,"High school diploma",46026120.2024,32976427.7086,1209044.7685,34185472.4771,16837
2019,9,"Less than high school",14948655.9638,8930213.1894,381454.9954,9311668.1848,4937
2019,9,"Some college / associate",44025730.4235,33758703.287,1007405.0013,34766108.2883,16172
2019,10,"Bachelor's or higher",63867195.0905,54051132.3207,1074376.3927,55125508.7134,22847
2019,10,"High school diploma",46042793.7398,32686259.0838,1216430.2831,33902689.3669,16842
2019,10,"Less than high school",14378928.2125,8461232.6387,434117.2194,8895349.8581,4806
2019,10,"Some college / associate",44396032.9788,34329589.0967,958378.4262,35287967.5229,16339
2019,11,"Bachelor's or higher",64127957.684,54562670.1657,944317.3253,55506987.491,22922
2019,11,"High school diploma",45843806.0022,32509905.5093,1188363.3672,33698268.8765,16681
2019,11,"Less than high school",14548748.2073,8562273.6378,482082.3111,9044355.9489,4802
2019,11,"Some college / associate",44184297.1007,33943259.8739,988493.0277,34931752.9016,16242
2019,12,"Bachelor's or higher",64452445.0447,54641539.6326,961994.4104,55603534.043,22863
2019,12,"High school diploma",45250861.0174,32112103.5853,1292966.9105,33405070.4958,16474
2019,12,"Less than high school",14777343.3973,8697269.3458,561114.5494,9258383.8952,4842
2019,12,"Some college / associate",44234897.5271,33959625.1911,912746.1008,34872371.2919,16267
2024,1,"Bachelor's or higher",68727606.2957,58002123.7731,1283088.5607,59285212.3338,20103
2024,1,"High school diploma",44836363.4126,31408466.5579,1646426.1259,33054892.6838,13222
2024,1,"Less than high school",13821747.5139,7903347.6537,671316.4824,8574664.1361,3693
2024,1,"Some college / associate",42441281.7745,32019033.6812,1124033.179,33143066.8602,12613
2024,2,"Bachelor's or higher",68818298.9083,58281914.1351,1366401.7689,59648315.904,20070
2024,2,"High school diploma",45683958.5444,32102200.2212,1599664.502,33701864.7232,13602
2024,2,"Less than high school",13265056.9132,7529537.0792,684055.2997,8213592.3789,3660
2024,2,"Some college / associate",42065471.627,32160099.2649,1182094.7476,33342194.0125,12488
2024,3,"Bachelor's or higher",69273998.0807,58762999.9216,1256282.2364,60019282.158,19341
2024,3,"High school diploma",45359639.1204,32232117.5784,1536128.7498,33768246.3282,12782
2024,3,"Less than high school",13277573.4483,7695086.2964,490981.5149,8186067.8113,3508
2024,3,"Some college / associate",41928187.3614,32062840.5142,1189780.7943,33252621.3085,11916
2024,4,"Bachelor's or higher",68882776.4454,58480560.4757,1183767.5867,59664328.0624,19873
2024,4,"High school diploma",45772377.6709,32296198.6935,1367265.3233,33663464.0168,13492
2024,4,"Less than high school",13273539.1136,7935102.5587,510344.1253,8445446.684,3681
2024,4,"Some college / associate",41922942.7676,32273878.7983,1037313.049,33311191.8473,12460
2024,5,"Bachelor's or higher",69506634.1513,58937328.6504,1184251.3536,60121580.004,20042
2024,5,"High school diploma",45947479.1048,32410981.3884,1405147.4805,33816128.8689,13699
2024,5,"Less than high school",13504103.6184,8093416.633,460492.4614,8553909.0944,3827
2024,5,"Some college / associate",40915451.129,31438777.7186,963149.659,32401927.3776,12175
2024,6,"Bachelor's or higher",69887777.13,58579546.826,1550914.7126,60130461.5386,19893
2024,6,"High school diploma",45234057.2143,31839952.8794,1383651.805,33223604.6844,13448
2024,6,"Less than high school",13484545.0318,8192671.5455,478000.0707,8670671.6162,3716
2024,6,"Some college / associate",41294846.623,31451663.6716,1164242.6317,32615906.3033,12139
2024,7,"Bachelor's or higher",69981132.8186,58759545.1929,1605690.4605,60365235.6534,19994
2024,7,"High school diploma",45788144.4866,32024786.4799,1613022.693,33637809.1729,13625
2024,7,"Less than high school",12940829.0706,7747548.2853,552800.4148,8300348.7001,3589
2024,7,"Some college / associate",41228297.6312,31465901.5922,1237735.5123,32703637.1045,12200
2024,8,"Bachelor's or higher",69490890.4439,58537193.1261,1751993.4124,60289186.5385,20140
2024,8,"High school diploma",46125239.3399,32583940.3802,1375355.1277,33959295.5079,13875
2024,8,"Less than high school",13535374.4854,8069416.6064,583356.1322,8652772.7386,3800
2024,8,"Some college / associate",40794239.7298,31128944.1724,1230517.1034,32359461.2758,12198
2024,9,"Bachelor's or higher",69792408.5446,59400239.0771,1350286.6477,60750525.7248,20071
2024,9,"High school diploma",45270997.1218,32085161.2297,1317899.7303,33403060.96,13442
2024,9,"Less than high school",13536761.7752,8098902.4224,530425.8344,8629328.2568,3745
2024,9,"Some college / associate",41360984.558,31964117.9216,1104475.4527,33068593.3743,12218
2024,10,"Bachelor's or higher",70548560.7465,59817623.4182,1497689.874,61315313.2922,20229
2024,10,"High school diploma",44966326.6407,31767739.4838,1298162.3564,33065901.8402,13283
2024,10,"Less than high school",13012335.6265,7723903.7715,477289.5507,8201193.3222,3571
2024,10,"Some college / associate",41439567.9834,31652513.5187,1109319.2745,32761832.7932,12241
2024,11,"Bachelor's or higher",70299177.9178,59472071.0835,1449822.1867,60921893.2702,20277
2024,11,"High school diploma",45116810.373,31695587.6556,1507301.1118,33202888.7674,13310
2024,11,"Less than high school",13300010.2998,7843071.5532,475452.581,8318524.1342,3637
2024,11,"Some college / associate",41252848.4152,31546536.7163,1142096.848,32688633.5643,12163
2024,12,"Bachelor's or higher",70443617.041,59426514.3389,1314422.7033,60740937.0422,20332
2024,12,"High school diploma",44936797.992,31691802.1366,1469853.5319,33161655.6685,13134
2024,12,"Less than high school",13491988.474,8016861.3806,508859.7826,8525721.1632,3642
2024,12,"Some college / associate",41098695.4976,31402288.8491,1078068.9363,32480357.7854,12114
