"YEAR","EDUC","EMPSTAT","records"
2019,2,10,796
2019,2,12,18
2019,2,21,42
2019,2,22,4
2019,2,32,470
2019,2,34,427
2019,2,36,144
2019,10,10,1857
2019,10,12,59
2019,10,21,77
2019,10,32,381
2019,10,34,616
2019,10,36,189
2019,20,10,4834
2019,20,12,141
2019,20,21,208
2019,20,22,3
2019,20,32,624
2019,20,34,1650
2019,20,36,411
2019,30,10,4377
2019,30,12,132
2019,30,21,232
2019,30,22,8
2019,30,32,1358
2019,30,34,1441
2019,30,36,401
2019,40,10,5020
2019,40,12,130
2019,40,21,249
2019,40,22,15
2019,40,32,1683
2019,40,34,1751
2019,40,36,363
2019,50,1,1
2019,50,10,4690
2019,50,12,149
2019,50,21,353
2019,50,22,16
2019,50,32,2069
2019,50,34,1571
2019,50,36,520
2019,60,10,6499
2019,60,12,260
2019,60,21,564
2019,60,22,15
2019,60,32,2407
2019,60,34,2052
2019,60,36,614
2019,71,1,14
2019,71,10,5121
2019,71,12,151
2019,71,21,286
2019,71,22,8
2019,71,32,1305
2019,71,34,1301
2019,71,36,469
2019,73,1,674
2019,73,10,137826
2019,73,12,4205
2019,73,21,5254
2019,73,22,188
2019,73,32,20204
2019,73,34,21888
2019,73,36,13290
2019,81,1,819
2019,81,10,81948
2019,81,12,2790
2019,81,21,2840
2019,81,22,44
2019,81,32,7942
2019,81,34,12148
2019,81,36,6896
2019,91,1,226
2019,91,10,27923
2019,91,12,960
2019,91,21,719
2019,91,22,11
2019,91,32,2044
2019,91,34,2660
2019,91,36,1829
2019,92,1,502
2019,92,10,34911
2019,92,12,1127
2019,92,21,937
2019,92,22,23
2019,92,32,2070
2019,92,34,4163
2019,92,36,2506
2019,111,1,1061
2019,111,10,138497
2019,111,12,4922
2019,111,21,2993
2019,111,22,64
2019,111,32,3377
2019,111,34,15205
2019,111,36,8272
2019,123,1,513
2019,123,10,60425
2019,123,12,2876
2019,123,21,1168
2019,123,22,40
2019,123,32,977
2019,123,34,4756
2019,123,36,3739
2019,124,1,41
2019,124,10,9227
2019,124,12,327
2019,124,21,138
2019,124,22,12
2019,124,32,106
2019,124,34,522
2019,124,36,465
2019,125,1,66
2019,125,10,12658
2019,125,12,440
2019,125,21,128
2019,125,22,3
2019,125,32,144
2019,125,34,551
2019,125,36,484
2024,2,10,609
2024,2,12,19
2024,2,21,34
2024,2,22,1
2024,2,32,320
2024,2,34,320
2024,2,36,94
2024,10,10,1550
2024,10,12,51
2024,10,21,102
2024,10,22,1
2024,10,32,217
2024,10,34,452
2024,10,36,140
2024,20,1,1
2024,20,10,3600
2024,20,12,106
2024,20,21,234
2024,20,22,18
2024,20,32,391
2024,20,34,1154
2024,20,36,294
2024,30,1,2
2024,30,10,3419
2024,30,12,132
2024,30,21,166
2024,30,22,12
2024,30,32,784
2024,30,34,1273
2024,30,36,280
2024,40,1,2
2024,40,10,3706
2024,40,12,106
2024,40,21,210
2024,40,22,6
2024,40,32,928
2024,40,34,1228
2024,40,36,283
2024,50,1,1
2024,50,10,3261
2024,50,12,128
2024,50,21,234
2024,50,22,16
2024,50,32,1337
2024,50,34,1128
2024,50,36,397
2024,60,10,4135
2024,60,12,147
2024,60,21,364
2024,60,22,8
2024,60,32,1686
2024,60,34,1346
2024,60,36,375
2024,71,1,8
2024,71,10,4384
2024,71,12,144
2024,71,21,261
2024,71,22,12
2024,71,32,844
2024,71,34,1216
2024,71,36,406
2024,73,1,615
2024,73,10,109225
2024,73,12,3715
2024,73,21,4659
2024,73,22,151
2024,73,32,14782
2024,73,34,18172
2024,73,36,10210
2024,81,1,557
2024,81,10,57338
2024,81,12,2098
2024,81,21,2218
2024,81,22,34
2024,81,32,5387
2024,81,34,8410
2024,81,36,4882
2024,91,1,153
2024,91,10,22219
2024,91,12,776
2024,91,21,601
2024,91,22,14
2024,91,32,1453
2024,91,34,2181
2024,91,36,1721
2024,92,1,334
2024,92,10,28679
2024,92,12,1012
2024,92,21,778
2024,92,22,20
2024,92,32,1668
2024,92,34,3245
2024,92,36,2191
2024,111,1,863
2024,111,10,120739
2024,111,12,4433
2024,111,21,2912
2024,111,22,102
2024,111,32,2632
2024,111,34,12433
2024,111,36,7290
2024,123,1,529
2024,123,10,55883
2024,123,12,2597
2024,123,21,1183
2024,123,22,42
2024,123,32,829
2024,123,34,3867
2024,123,36,3232
2024,124,1,36
2024,124,10,7233
2024,124,12,296
2024,124,21,92
2024,124,22,2
2024,124,32,76
2024,124,34,470
2024,124,36,352
2024,125,1,75
2024,125,10,11882
2024,125,12,470
2024,125,21,162
2024,125,22,4
2024,125,32,108
2024,125,34,552
2024,125,36,492
