"company","title","skill","context","url"
"Affirm","Data Analyst","SQL","under the guidance of senior analysts and managers. You will leverage SQL, Python, and modern analytical tools to help optimize business strategies, monitor performance, a","https://www.dataanalyst.com/job/data-analyst-428cb"
"Affirm","Data Analyst","SQL","es to senior team members.

Technical Execution: Write clean, working SQL and Python to build scalable reporting and partner with Engineering to support the deployment of ","https://www.dataanalyst.com/job/data-analyst-428cb"
"Affirm","Data Analyst","SQL","onomics, or a related quantitative field.

Solid working knowledge of SQL, Python, or other scripting languages.

Familiarity with data mining, data visualization, and fou","https://www.dataanalyst.com/job/data-analyst-428cb"
"Optum","Data Analyst, Payment Integrity","SQL","yers

Interpret and analyze claims and membership data

Write complex SQL queries to execute against large healthcare payer data sets

Create and update automated database","https://www.dataanalyst.com/job/data-analyst-payment-integrity"
"Optum","Data Analyst, Payment Integrity","SQL","n large data sets

2+ years of experience reading and writing complex SQL statements/queries

2+ years of experience with MS Excel, including pivot tables, formulas, calcu","https://www.dataanalyst.com/job/data-analyst-payment-integrity"
"Live Nation Entertainment","Data Analyst, Metrics & Reporting","SQL","he audience, and the decision the report is intended to support.

Use SQL and reporting tools to extract, clean, organize, and analyze data from multiple sources.

Perform","https://www.dataanalyst.com/job/data-analyst-metrics-reporting"
"Live Nation Entertainment","Data Analyst, Metrics & Reporting","SQL","ols responsibly where appropriate to support learning, documentation, SQL troubleshooting, and productivity, while validating outputs before use WHAT THIS PERSON WILL BRIN","https://www.dataanalyst.com/job/data-analyst-metrics-reporting"
"Live Nation Entertainment","Data Analyst, Metrics & Reporting","SQL","alytics, business analytics, or a related role.

Working knowledge of SQL, including joins, filtering, aggregations, and troubleshooting basic query issues.

Experience bu","https://www.dataanalyst.com/job/data-analyst-metrics-reporting"
"Live Nation Entertainment","Data Analyst, Metrics & Reporting","SQL",", validation, or automation.

Familiarity with Databricks, Databricks SQL, notebooks, data lakes, or cloud analytics platforms.

Exposure to Cyber Security, risk, complian","https://www.dataanalyst.com/job/data-analyst-metrics-reporting"
"Calibrate","Junior Data Analyst","SQL","y for someone early in their data career who is eager to build strong SQL and analytics skills, gain hands-on experience with healthcare and operational data, and grow int","https://www.dataanalyst.com/job/junior-data-analyst-b2b41"
"Calibrate","Junior Data Analyst","SQL","emic research, or similar analytical experience

Working knowledge of SQL and ability to write basic queries to extract and analyze data

Experience using Excel and/or Goo","https://www.dataanalyst.com/job/junior-data-analyst-b2b41"
"Bart & Associates","Data Analyst, Geospatial","SQL","or established mapping standards.

· Experience with PostGIS, spatial SQL, geospatial data modeling, or database performance considerations for spatial datasets.

· Famili","https://www.dataanalyst.com/job/data-analyst-geospatial-a734f"
"CFA Institute","Data Analyst","SQL","ple visualizations and dashboards using standard tools such as Excel, SQL, and Python

Run basic statistical analyses under close supervision, applying foundational knowle","https://www.dataanalyst.com/job/data-analyst-a6872"
"CFA Institute","Data Analyst","SQL","tistics, data wrangling, and visualization using tools such as Excel, SQL, and Python

Strong attention to detail and commitment to accuracy in data preparation and report","https://www.dataanalyst.com/job/data-analyst-a6872"
"Aflac","Data Analyst","SQL"," & Interpretation.

• Business Performance Analysis & Forecasting.

• SQL, Python, DatViz Tools are a plus but not required.

Education & Experience Required

Bachelor's D","https://www.dataanalyst.com/job/data-analyst-9e810"
"Liberty Mutual","Data Analyst, Advanced Analytics","SQL","ages (SAS, Emblem).

Knowledgeable in data query languages and tools (SQL and Snowflake)

Must have good planning, analytical, decision-making and communication skills.

K","https://www.dataanalyst.com/job/data-analyst-advanced-analytics-c7d70"
"GBMC HealthCare","Junior Data Analyst, Health","SQL","vanced skills in Excel and ease with data management (i.e. MS Access, SQL)

Skill in oral and written communication and time management with ability to effectively present","https://www.dataanalyst.com/job/junior-data-analyst-health"
"Credit Acceptance","Data Analyst, Strategy","SQL","onal setting using one or more of the following analytical tools SAS, SQL, Python or R

2+ years’ experience in an analytics setting, or a combination of higher education ","https://www.dataanalyst.com/job/data-analyst-strategy-e6a88"
"Workiva","Data Analyst, Sales","SQL","tools such as Tableau, Power BI, or Quicksight

A strong knowledge of SQL as well as advanced Excel skills

Experience or exposure to modern data stack tools like dbt (Dat","https://www.dataanalyst.com/job/data-analyst-sales-c0967"
"IQVIA","Data Analyst","SQL","SS Analyst you’ll be responsible for:

Leveraging skills in Excel and SQL to yield trends, conclusions, and actionable recommendations for clients

Contributing to interna","https://www.dataanalyst.com/job/data-analyst-b71e1"
"IQVIA","Data Analyst","SQL"," at least 3 years' experience in PowerPoint and Excel; PowerBI and/or SQL are a plus

A willingness or ability to travel as needed (<10% on average)","https://www.dataanalyst.com/job/data-analyst-b71e1"
"Hilton","Data Analyst, Advanced Analytics","SQL","ting large datasets and extracting insights

Proficiency working with SQL, R and/or Python

Familiarity with causal inference including quasi-experimental research designs","https://www.dataanalyst.com/job/data-analyst-advanced-analytics-94646"
"Morgan Stanley","Junior Data Analyst","SQL","is, data wrangling, or related analytical roles

Working knowledge of SQL or similar query languages; exposure to data tools (e.g., Python, Alteryx, Excel) is a plus

Basi","https://www.dataanalyst.com/job/junior-data-analyst-9f092"
"ICF","Associate Data Analyst","SQL","t, JIRA, MS Office, or similar systems.

1+ years of experience using SQL and working with databases or data platforms.

US Citizen or Green Card Holder due to federal con","https://www.dataanalyst.com/job/associate-data-analyst-0ee7e"
"The Coca-Cola Company","Data Analyst, Audit","SQL"," SAP WebIDE, Dynamics & Azure Apps, MS Power Platform Tools, Alteryx, SQL, R, or Python.

Ability to organize, cleanse, understand, measure, and analyze big data to unders","https://www.dataanalyst.com/job/data-analyst-audit-a76e0"
"Ticketmaster","Data Analyst, Pricing","SQL","tribute to and expand upon the team’s data pipelines using Python and SQL to ingest and transform raw pricing, inventory, sales, and demand data into curated views.

Devel","https://www.dataanalyst.com/job/data-analyst-pricing-b58d9"
"Ticketmaster","Data Analyst, Pricing","SQL","gy, Economics, or related fields.

Advanced proficiency in Python and SQL, with experience contributing to data pipelines, automations, and shared code repos.

Hands-on ex","https://www.dataanalyst.com/job/data-analyst-pricing-b58d9"
"NMI","Product Data Analyst, Acquiring Operations","SQL","ting complex operational metrics into clear business insights. Strong SQL skills and a passion for data visualization through Tableau are essential.

If you thrive in fast","https://www.dataanalyst.com/job/product-data-analyst-acquiring-operations"
"1Password","Data Analyst, Product","SQL","th data in an analytics, BI, or product context

Working knowledge of SQL, with a growing ability to write and troubleshoot queries independently

Familiarity with clickst","https://www.dataanalyst.com/job/data-analyst-product-0d1e2"
"American Express","Data Analyst, Digital Workplace","SQL","ctionable insights

Strong proficiency in data analysis tools such as SQL, Excel, Power BI, or similar platforms

Experience working with telemetry, usage analytics, or en","https://www.dataanalyst.com/job/data-analyst-digital-workplace"
"Fetch","Data Analyst, User Analytics","SQL",".
Translate business questions into structured analytical plans using SQL, visualization tools, and statistical thinking.

Conduct routine and ad hoc analyses to identify ","https://www.dataanalyst.com/job/data-analyst-user-analytics"
"Fetch","Data Analyst, User Analytics","SQL","ytics, business analytics, or a related field.

Strong proficiency in SQL for data manipulation, analysis, validation, and reporting.

Experience building dashboards and v","https://www.dataanalyst.com/job/data-analyst-user-analytics"
"Molina Healthcare","Data Analyst","SQL","intains recurring and ad hoc reports using Structured Query Language (SQL), Excel, Business Intelligence (BI) tools, and other analytics platforms.
• Organizes, documents,","https://www.dataanalyst.com/job/data-analyst-bebde"
"Molina Healthcare","Data Analyst","SQL","ctionable insights.
• Technical Proficiency: Comfortable working with SQL, Excel, and reporting/analytics tools; able to learn new technologies quickly.
• Attention to Det","https://www.dataanalyst.com/job/data-analyst-bebde"
"Molina Healthcare","Data Analyst","SQL","s and present findings.

PREFERRED QUALIFICATIONS:

• Experience with SQL Server Reporting Services (SSRS), Crystal Reports, MedInsight, or similar tools.
• Knowledge of h","https://www.dataanalyst.com/job/data-analyst-bebde"
"Salesforce","Data Analyst, Product Growth & GTM Strategy","SQL","gle Slides presentations

Experience aggregating large datasets using SQL, Python, and/or Tableau required

Familiarity with AI tools, autonomous agents, or enterprise sof","https://www.dataanalyst.com/job/data-analyst-product-growth-gtm-strategy"
"Paylocity","Data Analyst, Ops","SQL"," Salesforce, Oracle, Monday.com, Netsuite, Zendesk

• Experience with SQL, and statistical packages (R, SAS, Ste)

• Strong MS Office skills, especially with Excel, specif","https://www.dataanalyst.com/job/data-analyst-ops-ca1e9"
"DoorDash","Data Analyst, Revenue","SQL","documentation for internal and external audits.

Develop and maintain SQL queries, Python-based analyses, reports, and data extracts to investigate revenue trends, improve","https://www.dataanalyst.com/job/data-analyst-revenue"
"DoorDash","Data Analyst, Revenue","SQL","ting priorities, and continuously develop new skills

You have strong SQL proficiency and hands-on experience with Python for data analysis and building data workflows.

Y","https://www.dataanalyst.com/job/data-analyst-revenue"
"Bestow","Data Analyst","SQL","w data into trusted models and metrics on our modern warehouse stack (SQL, dbt, orchestration, and BI tools).

WHAT YOU'LL DO

Build and maintain dbt models that transform","https://www.dataanalyst.com/job/data-analyst-67665"
"Bestow","Data Analyst","SQL"," data into clean, tested datasets for analytics and reporting.

Write SQL to investigate data issues, validate new sources, and answer stakeholder questions with accurate,","https://www.dataanalyst.com/job/data-analyst-67665"
"Bestow","Data Analyst","SQL","perience in analytics, data engineering, or a similar role with heavy SQL use.

Hands-on experience with dbt (or an equivalent transformation framework) in a cloud data wa","https://www.dataanalyst.com/job/data-analyst-67665"
"Intermountain Health","Data Analyst, Technical Staff","SQL","educational offerings. Minimum Qualifications

Intermediate skills in SQL and database tasks.

Ability to create effective visualizations and dashboards.

Proficiency in o","https://www.dataanalyst.com/job/data-analyst-technical-staff"
"Mass General","Data Analyst","SQL","eferred but not required.

Working knowledge of relational databases, SQL, data visualization, and Business Intelligence tools such as Tableau.

Knowledge and application ","https://www.dataanalyst.com/job/data-analyst-40710"
"Medtronic","Data Analyst, Advanced Analytics","SQL","ries, data transformations, and analytical models using tools such as SQL, Python, Excel, Power BI, Alteryx, or Power Platform.

Collaborates with audit teams and business","https://www.dataanalyst.com/job/data-analyst-advanced-analytics"
"Medtronic","Data Analyst, Advanced Analytics","SQL","
Foundational programming experience using tools or languages such as SQL or Python to support data analysis, automation, or data extraction.

Basic understanding of data ","https://www.dataanalyst.com/job/data-analyst-advanced-analytics"
"Clover Health","Data Analyst, Clinical Data Effectiveness","SQL","althcare data standards: HL7, CCDA, and ADT messages.

Proficiency in SQL and comfort working with large, complex datasets (claims, clinical logs, interoperability data).
","https://www.dataanalyst.com/job/data-analyst-clinical-data-effectiveness"
"Molina Healthcare","Data Analyst, Finance & Analytics","SQL","d document new standard reports or processes.

• Uses advanced Excel, SQL querying, and reporting methods to develop solutions.

• Implements and uses analytics software a","https://www.dataanalyst.com/job/data-analyst-finance-analytics-e8802"
"Modern Health","Data Analyst","SQL","vestment in Modern Health

Develop and sustain our dbt codebase using SQL; write modular, well-tested models that serve as the single source of truth for key business and ","https://www.dataanalyst.com/job/data-analyst-2bc26"
"Modern Health","Data Analyst","SQL","atform and advocate for upstream data quality

Conduct analyses using SQL and translate results into clear, actionable recommendations for clinical, GTM, and product stake","https://www.dataanalyst.com/job/data-analyst-2bc26"
"Modern Health","Data Analyst","SQL","sure to healthcare, health tech, or a clinical setting

Proficient in SQL, Python or R, dbt, statistical data analysis, and data visualization

High EQ, strong interperson","https://www.dataanalyst.com/job/data-analyst-2bc26"
"Jump - Advisor AI","Data Analyst","SQL","ience in a Data Analyst, Analytics Engineer, or similar role.

Strong SQL skills and experience working in a modern cloud data warehouse.

Experience performing explorator","https://www.dataanalyst.com/job/data-analyst-382a2"
"Jump - Advisor AI","Data Analyst","SQL","ars of relevant professional experience in analytics.

Proficiency in SQL required; experience with modern analytics tooling strongly preferred.

Demonstrated experience w","https://www.dataanalyst.com/job/data-analyst-382a2"
"iHeartMedia","Data Analyst","SQL","ta-driven answers.

Business Reports, Solutions & Tools: create Excel/SQL/Tableau reports & tools to help evaluate business performance, implement initiatives, and improve","https://www.dataanalyst.com/job/data-analyst-7683e"
"iHeartMedia","Data Analyst","SQL","is.

Ad hoc projects. What You'll Need:

Advanced knowledge of Excel, SQL and Tableu.

Strong problem solving and analytical skills.

High attention to detail.

Intellectu","https://www.dataanalyst.com/job/data-analyst-7683e"
"Regions Bank","Data Analyst","SQL","ence utilizing analytical software such as Structured Query Language (SQL), Statistical Analysis System (SAS), SAS Enterprise Miner, and applicable Microsoft Office applic","https://www.dataanalyst.com/job/data-analyst-c0078"
"Regions Bank","Data Analyst","SQL","les.

Experience working with Python, Spark, and Snowflake.

Advanced SQL and data querying skills.

Ability to deploy code to production using Git and CI/CD tools.","https://www.dataanalyst.com/job/data-analyst-c0078"
"Molina Healthcare","Data Analyst, Provider Configuration","SQL","xperience in data analysis, data management.

Experience working with SQL, Python is required.","https://www.dataanalyst.com/job/data-analyst-provider-configuration"
"UW Health","Data Analyst","SQL","HQ Team.

Leverage knowledge and skills with a variety of tools (e.g. SQL, R, Python), analytic techniques and platforms and analyze large quantities of data from multiple","https://www.dataanalyst.com/job/data-analyst-c49a8"
"World's Finest Chocolate","Data Analyst, Sales","SQL","to execution. The ideal candidate is a self-starter with strong Excel/SQL skills, early experience in Tableau or Power BI, project management discipline (timelines, stakeh","https://www.dataanalyst.com/job/data-analyst-sales-24bac"
"World's Finest Chocolate","Data Analyst, Sales","SQL","Intermediate Excel (VLOOKUP, pivot tables, index/match); intermediate SQL skills.

1+ years managing projects end-to-end (charter, timeline, status updates, stakeholder al","https://www.dataanalyst.com/job/data-analyst-sales-24bac"
"Optum","Data Analyst, Payment Integrity","Excel","riting complex SQL statements/queries

2+ years of experience with MS Excel, including pivot tables, formulas, calculations, charts, graphs, etc.

2+ years of experience w","https://www.dataanalyst.com/job/data-analyst-payment-integrity"
"Live Nation Entertainment","Data Analyst, Metrics & Reporting","Excel","in Tableau, Power BI, Domo, Looker, or a similar BI platform.

Strong Excel skills, including pivot tables, formulas, data cleaning, and basic analysis.

Ability to review","https://www.dataanalyst.com/job/data-analyst-metrics-reporting"
"Calibrate","Junior Data Analyst","Excel"," to write basic queries to extract and analyze data

Experience using Excel and/or Google Sheets for data analysis and manipulation

Strong attention to detail and commitm","https://www.dataanalyst.com/job/junior-data-analyst-b2b41"
"CFA Institute","Data Analyst","Excel","ild simple visualizations and dashboards using standard tools such as Excel, SQL, and Python

Run basic statistical analyses under close supervision, applying foundational","https://www.dataanalyst.com/job/data-analyst-a6872"
"CFA Institute","Data Analyst","Excel"," of statistics, data wrangling, and visualization using tools such as Excel, SQL, and Python

Strong attention to detail and commitment to accuracy in data preparation and","https://www.dataanalyst.com/job/data-analyst-a6872"
"Liberty Mutual","Data Analyst, Advanced Analytics","Excel","degree with no professional experience, or equivalent.

Proficient in Excel, PowerPoint, and statistical software packages (SAS, Emblem).

Knowledgeable in data query lang","https://www.dataanalyst.com/job/data-analyst-advanced-analytics-c7d70"
"GBMC HealthCare","Junior Data Analyst, Health","Excel","s, clinical quality measures, and claims analysis. Advanced skills in Excel and ease with data management (i.e. MS Access, SQL)

Skill in oral and written communication an","https://www.dataanalyst.com/job/junior-data-analyst-health"
"Workiva","Data Analyst, Sales","Excel","ghts for the sales team and leadership

Perform ad-hoc analyses using Excel and other data analysis tools to support various sales initiatives and answer key business ques","https://www.dataanalyst.com/job/data-analyst-sales-c0967"
"Workiva","Data Analyst, Sales","Excel","ower BI, or Quicksight

A strong knowledge of SQL as well as advanced Excel skills

Experience or exposure to modern data stack tools like dbt (Data Build Tool) or cloud d","https://www.dataanalyst.com/job/data-analyst-sales-c0967"
"Prime Therapeutics","Data Analyst, Health","Excel","residency sponsorship

Additional Qualifications:

Advanced Microsoft Excel skills – ability to create complete formulas and efficient data manipulation.

Intermediate tro","https://www.dataanalyst.com/job/data-analyst-health-a69ce"
"IQVIA","Data Analyst","Excel","As PASS Analyst you’ll be responsible for:

Leveraging skills in Excel and SQL to yield trends, conclusions, and actionable recommendations for clients

Contributing ","https://www.dataanalyst.com/job/data-analyst-b71e1"
"IQVIA","Data Analyst","Excel"," and oral)

Minimum of at least 3 years' experience in PowerPoint and Excel; PowerBI and/or SQL are a plus

A willingness or ability to travel as needed (<10% on average)","https://www.dataanalyst.com/job/data-analyst-b71e1"
"Ralph Lauren","Data Analyst, Digital Insights & Optimization","Excel","th exceptional attention to detail

Advanced proficiency working with Excel (including lookups, pivots, conditionals) and retail math

Strong verbal and written communicat","https://www.dataanalyst.com/job/data-analyst-digital-insights-optimization"
"Morgan Stanley","Junior Data Analyst","Excel","milar query languages; exposure to data tools (e.g., Python, Alteryx, Excel) is a plus

Basic understanding of data validation, reconciliation, and data quality practices
","https://www.dataanalyst.com/job/junior-data-analyst-9f092"
"Ticketmaster","Data Analyst, Pricing","Excel","s, Tableau, Domo, Quicksight, etc.).

Comfortable with PowerPoint and Excel for client deliverables.
Resourceful problem-solving skills.

Strong written and verbal communi","https://www.dataanalyst.com/job/data-analyst-pricing-b58d9"
"American Express","Data Analyst, Digital Workplace","Excel","able insights

Strong proficiency in data analysis tools such as SQL, Excel, Power BI, or similar platforms

Experience working with telemetry, usage analytics, or enterpr","https://www.dataanalyst.com/job/data-analyst-digital-workplace"
"Molina Healthcare","Data Analyst","Excel","s recurring and ad hoc reports using Structured Query Language (SQL), Excel, Business Intelligence (BI) tools, and other analytics platforms.
• Organizes, documents, and m","https://www.dataanalyst.com/job/data-analyst-bebde"
"Molina Healthcare","Data Analyst","Excel","able insights.
• Technical Proficiency: Comfortable working with SQL, Excel, and reporting/analytics tools; able to learn new technologies quickly.
• Attention to Detail: ","https://www.dataanalyst.com/job/data-analyst-bebde"
"Salesforce","Data Analyst, Product Growth & GTM Strategy","Excel","ions

High degree of comfort running complex analyses and modeling in Excel or Google Sheets

Strong presentation skills, especially related to building compelling PowerPo","https://www.dataanalyst.com/job/data-analyst-product-growth-gtm-strategy"
"Paylocity","Data Analyst, Ops","Excel","al packages (R, SAS, Ste)

• Strong MS Office skills, especially with Excel, specifically being able to import data and use pivot tables

• Understanding of report writing","https://www.dataanalyst.com/job/data-analyst-ops-ca1e9"
"Mass General","Data Analyst","Excel","are a plus.

Proficiency with Microsoft Office Suite, including Word, Excel and PowerPoint.","https://www.dataanalyst.com/job/data-analyst-40710"
"Boeing","Data Analyst","Excel","red Qualifications (Desired Skills/Experience):

Basic proficiency in Excel (formulas, pivot tables, data organization)

Exposure to Tableau (academic, internship or perso","https://www.dataanalyst.com/job/data-analyst-ac198"
"Medtronic","Data Analyst, Advanced Analytics","Excel","ansformations, and analytical models using tools such as SQL, Python, Excel, Power BI, Alteryx, or Power Platform.

Collaborates with audit teams and business partners to ","https://www.dataanalyst.com/job/data-analyst-advanced-analytics"
"Medtronic","Data Analyst, Advanced Analytics","Excel","
Experience with data analysis, reporting, or analytics tools such as Excel, Power BI, Alteryx, or similar technologies.

Nice to Have

Bachelor's degree or Master’s degre","https://www.dataanalyst.com/job/data-analyst-advanced-analytics"
"SitusAMC","Data Analyst, Credit","Excel","bles. The incumbent should possess strong analytical skills, advanced Excel skills and a basic understanding of real estate finance, terminology, and performance metrics.
","https://www.dataanalyst.com/job/data-analyst-credit-6d4f8"
"SitusAMC","Data Analyst, Credit","Excel"," funding conditions

Prepare monthly/quarterly asset-level reports in Excel and review for accuracy

Support asset management team in their daily responsibilities

Assist ","https://www.dataanalyst.com/job/data-analyst-credit-6d4f8"
"SitusAMC","Data Analyst, Credit","Excel","t

Strong analytical and computer skills with a thorough knowledge of Excel including the ability to perform cash flow analyses.

Must be able to work efficiently with lar","https://www.dataanalyst.com/job/data-analyst-credit-6d4f8"
"EverCommerce","Data Analyst, Growth & Markets","Excel","anding of core SaaS metrics (ARR, churn, expansion metrics)

Advanced Excel proficiency required – ability to thoughtfully parse data, not simply take it at face value

Ba","https://www.dataanalyst.com/job/data-analyst-growth-markets"
"Whalar","Data Analyst","Excel","thematics, Economics, Statistics, Computer Science, Engineering)

Top Excel/Google sheets, Looker Dashboard, and Powerpoint/Google Slides skills

Proven ability to perform","https://www.dataanalyst.com/job/data-analyst-e2c4d"
"Molina Healthcare","Data Analyst, Finance & Analytics","Excel","lop, and document new standard reports or processes.

• Uses advanced Excel, SQL querying, and reporting methods to develop solutions.

• Implements and uses analytics sof","https://www.dataanalyst.com/job/data-analyst-finance-analytics-e8802"
"Molina Healthcare","Data Analyst, Finance & Analytics","Excel","ills.

• Proficient in Microsoft Office suite products, key skills in Excel (VLOOKUPs and pivot tables)/applicable software program(s) proficiency.","https://www.dataanalyst.com/job/data-analyst-finance-analytics-e8802"
"iHeartMedia","Data Analyst","Excel","ing data-driven answers.

Business Reports, Solutions & Tools: create Excel/SQL/Tableau reports & tools to help evaluate business performance, implement initiatives, and i","https://www.dataanalyst.com/job/data-analyst-7683e"
"iHeartMedia","Data Analyst","Excel"," analysis.

Ad hoc projects. What You'll Need:

Advanced knowledge of Excel, SQL and Tableu.

Strong problem solving and analytical skills.

High attention to detail.

Int","https://www.dataanalyst.com/job/data-analyst-7683e"
"Law360","Data Analyst","Excel","ndependently

Expertise using quantitative analytical tools

Advanced Excel skills (e.g., Pivot Tables)

Familiarity with Python and/or R programming

Experience with data","https://www.dataanalyst.com/job/data-analyst-de94a"
"Regions Bank","Data Analyst","Excel","emonstrated leadership capabilities

Proficiency in Microsoft Office (Excel, Word, PowerPoint, Outlook, etc.)

Strong verbal, written communication, and organizational ski","https://www.dataanalyst.com/job/data-analyst-c0078"
"Molina Healthcare","Data Analyst, Provider Configuration","Excel","l and written communication skills

Microsoft Office suite (including Excel) and applicable software program(s) proficiency.

Must have experience in data analysis, data m","https://www.dataanalyst.com/job/data-analyst-provider-configuration"
"World's Finest Chocolate","Data Analyst, Sales","Excel","ation to execution. The ideal candidate is a self-starter with strong Excel/SQL skills, early experience in Tableau or Power BI, project management discipline (timelines, ","https://www.dataanalyst.com/job/data-analyst-sales-24bac"
"World's Finest Chocolate","Data Analyst, Sales","Excel","ven ability to build dashboards in Tableau or Power BI.

Intermediate Excel (VLOOKUP, pivot tables, index/match); intermediate SQL skills.

1+ years managing projects end-","https://www.dataanalyst.com/job/data-analyst-sales-24bac"
"Affirm","Data Analyst","Python"," the guidance of senior analysts and managers. You will leverage SQL, Python, and modern analytical tools to help optimize business strategies, monitor performance, and tu","https://www.dataanalyst.com/job/data-analyst-428cb"
"Affirm","Data Analyst","Python","nior team members.

Technical Execution: Write clean, working SQL and Python to build scalable reporting and partner with Engineering to support the deployment of machine ","https://www.dataanalyst.com/job/data-analyst-428cb"
"Affirm","Data Analyst","Python","cs, or a related quantitative field.

Solid working knowledge of SQL, Python, or other scripting languages.

Familiarity with data mining, data visualization, and foundati","https://www.dataanalyst.com/job/data-analyst-428cb"
"Live Nation Entertainment","Data Analyst, Metrics & Reporting","Python","gly Desired Qualifications

Experience with Tableau.

Experience with Python for data cleaning, analysis, validation, or automation.

Familiarity with Databricks, Databric","https://www.dataanalyst.com/job/data-analyst-metrics-reporting"
"Calibrate","Junior Data Analyst","Python","ce with clinical data a plus, but not required
Basic familiarity with Python or R

Experience with and/or passion for working in the healthcare industry

Familiarity with ","https://www.dataanalyst.com/job/junior-data-analyst-b2b41"
"CFA Institute","Data Analyst","Python","lizations and dashboards using standard tools such as Excel, SQL, and Python

Run basic statistical analyses under close supervision, applying foundational knowledge of st","https://www.dataanalyst.com/job/data-analyst-a6872"
"CFA Institute","Data Analyst","Python","data wrangling, and visualization using tools such as Excel, SQL, and Python

Strong attention to detail and commitment to accuracy in data preparation and reporting

Abil","https://www.dataanalyst.com/job/data-analyst-a6872"
"Aflac","Data Analyst","Python","terpretation.

• Business Performance Analysis & Forecasting.

• SQL, Python, DatViz Tools are a plus but not required.

Education & Experience Required

Bachelor's Degree","https://www.dataanalyst.com/job/data-analyst-9e810"
"Credit Acceptance","Data Analyst, Strategy","Python","setting using one or more of the following analytical tools SAS, SQL, Python or R

2+ years’ experience in an analytics setting, or a combination of higher education and e","https://www.dataanalyst.com/job/data-analyst-strategy-e6a88"
"Credit Acceptance","Data Analyst, Strategy","Python","a business intelligence setting

Ability to write, debug and optimize Python code","https://www.dataanalyst.com/job/data-analyst-strategy-e6a88"
"Hilton","Data Analyst, Advanced Analytics","Python","asets and extracting insights

Proficiency working with SQL, R and/or Python

Familiarity with causal inference including quasi-experimental research designs and time-seri","https://www.dataanalyst.com/job/data-analyst-advanced-analytics-94646"
"Morgan Stanley","Junior Data Analyst","Python","edge of SQL or similar query languages; exposure to data tools (e.g., Python, Alteryx, Excel) is a plus

Basic understanding of data validation, reconciliation, and data q","https://www.dataanalyst.com/job/junior-data-analyst-9f092"
"The Coca-Cola Company","Data Analyst, Audit","Python",", Dynamics & Azure Apps, MS Power Platform Tools, Alteryx, SQL, R, or Python.

Ability to organize, cleanse, understand, measure, and analyze big data to understand the re","https://www.dataanalyst.com/job/data-analyst-audit-a76e0"
"Ticketmaster","Data Analyst, Pricing","Python","scale.

Contribute to and expand upon the team’s data pipelines using Python and SQL to ingest and transform raw pricing, inventory, sales, and demand data into curated vi","https://www.dataanalyst.com/job/data-analyst-pricing-b58d9"
"Ticketmaster","Data Analyst, Pricing","Python","on Technology, Economics, or related fields.

Advanced proficiency in Python and SQL, with experience contributing to data pipelines, automations, and shared code repos.

","https://www.dataanalyst.com/job/data-analyst-pricing-b58d9"
"1Password","Data Analyst, Product","Python","artnering with others to solve problems

Nice to have: beginner-level Python or R, familiarity with event taxonomy or instrumentation design, exposure to SaaS or Enterpris","https://www.dataanalyst.com/job/data-analyst-product-0d1e2"
"Fetch","Data Analyst, User Analytics","Python"," for version control, collaboration, or code review.

Experience with Python for data analysis, automation, visualization, or statistical analysis.

Familiarity with marte","https://www.dataanalyst.com/job/data-analyst-user-analytics"
"Salesforce","Data Analyst, Product Growth & GTM Strategy","Python","lides presentations

Experience aggregating large datasets using SQL, Python, and/or Tableau required

Familiarity with AI tools, autonomous agents, or enterprise software","https://www.dataanalyst.com/job/data-analyst-product-growth-gtm-strategy"
"DoorDash","Data Analyst, Revenue","Python"," for internal and external audits.

Develop and maintain SQL queries, Python-based analyses, reports, and data extracts to investigate revenue trends, improve reporting ac","https://www.dataanalyst.com/job/data-analyst-revenue"
"DoorDash","Data Analyst, Revenue","Python"," skills

You have strong SQL proficiency and hands-on experience with Python for data analysis and building data workflows.

You bring foundational knowledge of US GAAP, r","https://www.dataanalyst.com/job/data-analyst-revenue"
"Medtronic","Data Analyst, Advanced Analytics","Python"," data transformations, and analytical models using tools such as SQL, Python, Excel, Power BI, Alteryx, or Power Platform.

Collaborates with audit teams and business part","https://www.dataanalyst.com/job/data-analyst-advanced-analytics"
"Medtronic","Data Analyst, Advanced Analytics","Python","tional programming experience using tools or languages such as SQL or Python to support data analysis, automation, or data extraction.

Basic understanding of data mining,","https://www.dataanalyst.com/job/data-analyst-advanced-analytics"
"Clover Health","Data Analyst, Clinical Data Effectiveness","Python",", matching EOBs to clinical encounter records).

Comfort working with Python or similar tools for data manipulation and automation. or incongruence in clinical records.

E","https://www.dataanalyst.com/job/data-analyst-clinical-data-effectiveness"
"Clover Health","Data Analyst, Clinical Data Effectiveness","Python",", matching EOBs to clinical encounter records).

Comfort working with Python or similar tools for data manipulation and automation.","https://www.dataanalyst.com/job/data-analyst-clinical-data-effectiveness"
"Modern Health","Data Analyst","Python","to healthcare, health tech, or a clinical setting

Proficient in SQL, Python or R, dbt, statistical data analysis, and data visualization

High EQ, strong interpersonal an","https://www.dataanalyst.com/job/data-analyst-2bc26"
"Law360","Data Analyst","Python","l tools

Advanced Excel skills (e.g., Pivot Tables)

Familiarity with Python and/or R programming

Experience with data visualization techniques

Experience working with d","https://www.dataanalyst.com/job/data-analyst-de94a"
"Regions Bank","Data Analyst","Python","s, data lineage, and data refresh schedules.

Experience working with Python, Spark, and Snowflake.

Advanced SQL and data querying skills.

Ability to deploy code to prod","https://www.dataanalyst.com/job/data-analyst-c0078"
"Molina Healthcare","Data Analyst, Provider Configuration","Python","ence in data analysis, data management.

Experience working with SQL, Python is required.","https://www.dataanalyst.com/job/data-analyst-provider-configuration"
"UW Health","Data Analyst","Python","

Leverage knowledge and skills with a variety of tools (e.g. SQL, R, Python), analytic techniques and platforms and analyze large quantities of data from multiple sources","https://www.dataanalyst.com/job/data-analyst-c49a8"
"NinjaOne","Data Analyst, Marketing","Python","data visualization and analysis tools is a plus: Tableau, Databricks, Python (e.g. Jupyter notebooks, pandas)

You thrive in fast-paced environments, embracing ambiguity a","https://www.dataanalyst.com/job/data-analyst-marketing-ff15e"
"Calibrate","Junior Data Analyst","R","inical data a plus, but not required
Basic familiarity with Python or R

Experience with and/or passion for working in the healthcare industry

Familiarity with Git or ver","https://www.dataanalyst.com/job/junior-data-analyst-b2b41"
"Credit Acceptance","Data Analyst, Strategy","R","ing one or more of the following analytical tools SAS, SQL, Python or R

2+ years’ experience in an analytics setting, or a combination of higher education and experience
","https://www.dataanalyst.com/job/data-analyst-strategy-e6a88"
"Hilton","Data Analyst, Advanced Analytics","R","large datasets and extracting insights

Proficiency working with SQL, R and/or Python

Familiarity with causal inference including quasi-experimental research designs and ","https://www.dataanalyst.com/job/data-analyst-advanced-analytics-94646"
"The Coca-Cola Company","Data Analyst, Audit","R","WebIDE, Dynamics & Azure Apps, MS Power Platform Tools, Alteryx, SQL, R, or Python.

Ability to organize, cleanse, understand, measure, and analyze big data to understand ","https://www.dataanalyst.com/job/data-analyst-audit-a76e0"
"1Password","Data Analyst, Product","R","with others to solve problems

Nice to have: beginner-level Python or R, familiarity with event taxonomy or instrumentation design, exposure to SaaS or Enterprise product ","https://www.dataanalyst.com/job/data-analyst-product-0d1e2"
"Paylocity","Data Analyst, Ops","R",", Netsuite, Zendesk

• Experience with SQL, and statistical packages (R, SAS, Ste)

• Strong MS Office skills, especially with Excel, specifically being able to import dat","https://www.dataanalyst.com/job/data-analyst-ops-ca1e9"
"Modern Health","Data Analyst","R","are, health tech, or a clinical setting

Proficient in SQL, Python or R, dbt, statistical data analysis, and data visualization

High EQ, strong interpersonal and relation","https://www.dataanalyst.com/job/data-analyst-2bc26"
"Law360","Data Analyst","R","ced Excel skills (e.g., Pivot Tables)

Familiarity with Python and/or R programming

Experience with data visualization techniques

Experience working with data of varying","https://www.dataanalyst.com/job/data-analyst-de94a"
"UW Health","Data Analyst","R","am.

Leverage knowledge and skills with a variety of tools (e.g. SQL, R, Python), analytic techniques and platforms and analyze large quantities of data from multiple sour","https://www.dataanalyst.com/job/data-analyst-c49a8"
"Live Nation Entertainment","Data Analyst, Metrics & Reporting","Tableau","ing basic query issues.

Experience building dashboards or reports in Tableau, Power BI, Domo, Looker, or a similar BI platform.

Strong Excel skills, including pivot tabl","https://www.dataanalyst.com/job/data-analyst-metrics-reporting"
"Live Nation Entertainment","Data Analyst, Metrics & Reporting","Tableau","and open questions.

Strongly Desired Qualifications

Experience with Tableau.

Experience with Python for data cleaning, analysis, validation, or automation.

Familiarity","https://www.dataanalyst.com/job/data-analyst-metrics-reporting"
"Calibrate","Junior Data Analyst","Tableau","eferred

Exposure to Business Intelligence tools (e.g., Mode, Looker, Tableau, or similar)

Experience with clinical data a plus, but not required
Basic familiarity with P","https://www.dataanalyst.com/job/junior-data-analyst-b2b41"
"Aflac","Data Analyst","Tableau"," build reports and conduct analysis efficiently, including Snowflake, Tableau, PowerBI and other analytic tools. What does it take to be successful in this role?

• Proven","https://www.dataanalyst.com/job/data-analyst-9e810"
"Workiva","Data Analyst, Sales","Tableau","Do

Develop and maintain dashboards and reports using BI tools (e.g., Tableau, Power BI, Quicksight) to provide actionable insights for the sales team and leadership

Perf","https://www.dataanalyst.com/job/data-analyst-sales-c0967"
"Workiva","Data Analyst, Sales","Tableau","ales analytics

Proficiency in using data visualization tools such as Tableau, Power BI, or Quicksight

A strong knowledge of SQL as well as advanced Excel skills

Experie","https://www.dataanalyst.com/job/data-analyst-sales-c0967"
"Ticketmaster","Data Analyst, Pricing","Tableau","Experience with data warehousing and visualization tools (Databricks, Tableau, Domo, Quicksight, etc.).

Comfortable with PowerPoint and Excel for client deliverables.
Res","https://www.dataanalyst.com/job/data-analyst-pricing-b58d9"
"NMI","Product Data Analyst, Acquiring Operations","Tableau","ing.

Dashboarding & Data Visualization:

Design, build, and maintain Tableau dashboards and reporting frameworks that provide actionable visibility into KPIs, operational","https://www.dataanalyst.com/job/product-data-analyst-acquiring-operations"
"NMI","Product Data Analyst, Acquiring Operations","Tableau","ights. Strong SQL skills and a passion for data visualization through Tableau are essential.

If you thrive in fast-paced fintech environments and enjoy solving complex op","https://www.dataanalyst.com/job/product-data-analyst-acquiring-operations"
"1Password","Data Analyst, Product","Tableau","perience building or contributing to dashboards in a BI tool (Looker, Tableau, Power BI, or similar)

A developing ability to conduct, interpret, and communicate diagnosti","https://www.dataanalyst.com/job/data-analyst-product-0d1e2"
"Fetch","Data Analyst, User Analytics","Tableau","perience building dashboards and visualizations in tools such as Hex, Tableau, Looker, Grafana, Mode, or similar platforms.

Working knowledge of A/B testing concepts, inc","https://www.dataanalyst.com/job/data-analyst-user-analytics"
"Salesforce","Data Analyst, Product Growth & GTM Strategy","Tableau","ate work processes using the latest analytics and AI tools, including Tableau Next, Claude, Slackbot, and Gemini. You're Our Person If...

2+ years' of experience focused ","https://www.dataanalyst.com/job/data-analyst-product-growth-gtm-strategy"
"Salesforce","Data Analyst, Product Growth & GTM Strategy","Tableau","ions

Experience aggregating large datasets using SQL, Python, and/or Tableau required

Familiarity with AI tools, autonomous agents, or enterprise software ecosystems is ","https://www.dataanalyst.com/job/data-analyst-product-growth-gtm-strategy"
"Mass General","Data Analyst","Tableau","ses, SQL, data visualization, and Business Intelligence tools such as Tableau.

Knowledge and application of statistical analyses, including variance analysis and statisti","https://www.dataanalyst.com/job/data-analyst-40710"
"Boeing","Data Analyst","Tableau","ion Responsibilities:

Develop and maintain dashboards and reports in Tableau and Power BI to track program performance (schedule, cost, milestones, resource utilization)
","https://www.dataanalyst.com/job/data-analyst-ac198"
"Boeing","Data Analyst","Tableau","ncy in Excel (formulas, pivot tables, data organization)

Exposure to Tableau (academic, internship or personal projects)

Familiarity with Smartsheet or similar project m","https://www.dataanalyst.com/job/data-analyst-ac198"
"Nomura","Data Analyst, US Wealth","Tableau"," of sales and marketing support processes preferred.

Experience with Tableau, PowerBI, Analytics preferred.","https://www.dataanalyst.com/job/data-analyst-us-wealth"
"Modern Health","Data Analyst","Tableau","ng with internal leadership

Experience with BI tooling (e.g. Looker, Tableau, Omni, or similar)
Genuine curiosity about clinical data — you find health outcomes, member b","https://www.dataanalyst.com/job/data-analyst-2bc26"
"Jump - Advisor AI","Data Analyst","Tableau","imilar ingestion tools)

dbt, SQLMesh, or dataform

A modern BI tool (Tableau, Sigma, Looker, etc)

We currently use Airbyte, BigQuery, SQLMesh, Looker Studio, etc

Famili","https://www.dataanalyst.com/job/data-analyst-382a2"
"iHeartMedia","Data Analyst","Tableau","riven answers.

Business Reports, Solutions & Tools: create Excel/SQL/Tableau reports & tools to help evaluate business performance, implement initiatives, and improve ope","https://www.dataanalyst.com/job/data-analyst-7683e"
"Regions Bank","Data Analyst","Tableau","plications

Working knowledge of business intelligence software (e.g. Tableau, Power BI)

Skills and Competencies:

Demonstrated leadership capabilities

Proficiency in Mi","https://www.dataanalyst.com/job/data-analyst-c0078"
"Regions Bank","Data Analyst","Tableau","rting.

Experience using data visualization tools such as Power BI or Tableau for reporting, visualization, and design.

Previous experience building and maintaining data ","https://www.dataanalyst.com/job/data-analyst-c0078"
"World's Finest Chocolate","Data Analyst, Sales","Tableau","e is a self-starter with strong Excel/SQL skills, early experience in Tableau or Power BI, project management discipline (timelines, stakeholders, deliverables), and a pas","https://www.dataanalyst.com/job/data-analyst-sales-24bac"
"World's Finest Chocolate","Data Analyst, Sales","Tableau","rces (Circana, Nielsen, etc.).

Proven ability to build dashboards in Tableau or Power BI.

Intermediate Excel (VLOOKUP, pivot tables, index/match); intermediate SQL skill","https://www.dataanalyst.com/job/data-analyst-sales-24bac"
"NinjaOne","Data Analyst, Marketing","Tableau","ons

Experience with data visualization and analysis tools is a plus: Tableau, Databricks, Python (e.g. Jupyter notebooks, pandas)

You thrive in fast-paced environments, ","https://www.dataanalyst.com/job/data-analyst-marketing-ff15e"
"Live Nation Entertainment","Data Analyst, Metrics & Reporting","Power BI"," query issues.

Experience building dashboards or reports in Tableau, Power BI, Domo, Looker, or a similar BI platform.

Strong Excel skills, including pivot tables, formu","https://www.dataanalyst.com/job/data-analyst-metrics-reporting"
"Aflac","Data Analyst","Power BI","ports and conduct analysis efficiently, including Snowflake, Tableau, PowerBI and other analytic tools. What does it take to be successful in this role?

• Proven analytic","https://www.dataanalyst.com/job/data-analyst-9e810"
"Workiva","Data Analyst, Sales","Power BI","op and maintain dashboards and reports using BI tools (e.g., Tableau, Power BI, Quicksight) to provide actionable insights for the sales team and leadership

Perform ad-ho","https://www.dataanalyst.com/job/data-analyst-sales-c0967"
"Workiva","Data Analyst, Sales","Power BI","ytics

Proficiency in using data visualization tools such as Tableau, Power BI, or Quicksight

A strong knowledge of SQL as well as advanced Excel skills

Experience or ex","https://www.dataanalyst.com/job/data-analyst-sales-c0967"
"IQVIA","Data Analyst","Power BI",", and pharmacies

Developing and working with reporting tools such as PowerBI to derive insights and forecasting

Coordinating both directly with clients as well as throug","https://www.dataanalyst.com/job/data-analyst-b71e1"
"IQVIA","Data Analyst","Power BI","al)

Minimum of at least 3 years' experience in PowerPoint and Excel; PowerBI and/or SQL are a plus

A willingness or ability to travel as needed (<10% on average)","https://www.dataanalyst.com/job/data-analyst-b71e1"
"ICF","Associate Data Analyst","Power BI","red Skills:

Experience with data visualization technologies, such as Power BI, including developing data visualization reports and dashboards.

Experience with tools such","https://www.dataanalyst.com/job/associate-data-analyst-0ee7e"
"1Password","Data Analyst, Product","Power BI","building or contributing to dashboards in a BI tool (Looker, Tableau, Power BI, or similar)

A developing ability to conduct, interpret, and communicate diagnostic analysi","https://www.dataanalyst.com/job/data-analyst-product-0d1e2"
"American Express","Data Analyst, Digital Workplace","Power BI","reporting frameworks aligned to program success metrics

Partner with Power BI developers and data engineers to ensure data accuracy, consistency, and usability

Identify ","https://www.dataanalyst.com/job/data-analyst-digital-workplace"
"American Express","Data Analyst, Digital Workplace","Power BI","sights

Strong proficiency in data analysis tools such as SQL, Excel, Power BI, or similar platforms

Experience working with telemetry, usage analytics, or enterprise sof","https://www.dataanalyst.com/job/data-analyst-digital-workplace"
"Paylocity","Data Analyst, Ops","Power BI"," experience

• Minimum 2 years’ experience

• Experience working with Power BI and other relational databases

• Experience working in CRM & Project Management tools such ","https://www.dataanalyst.com/job/data-analyst-ops-ca1e9"
"Boeing","Data Analyst","Power BI","bilities:

Develop and maintain dashboards and reports in Tableau and Power BI to track program performance (schedule, cost, milestones, resource utilization)

Support dev","https://www.dataanalyst.com/job/data-analyst-ac198"
"Medtronic","Data Analyst, Advanced Analytics","Power BI","ations, and analytical models using tools such as SQL, Python, Excel, Power BI, Alteryx, or Power Platform.

Collaborates with audit teams and business partners to underst","https://www.dataanalyst.com/job/data-analyst-advanced-analytics"
"Medtronic","Data Analyst, Advanced Analytics","Power BI","ence with data analysis, reporting, or analytics tools such as Excel, Power BI, Alteryx, or similar technologies.

Nice to Have

Bachelor's degree or Master’s degree, pref","https://www.dataanalyst.com/job/data-analyst-advanced-analytics"
"Nomura","Data Analyst, US Wealth","Power BI"," and marketing support processes preferred.

Experience with Tableau, PowerBI, Analytics preferred.","https://www.dataanalyst.com/job/data-analyst-us-wealth"
"Regions Bank","Data Analyst","Power BI","s

Working knowledge of business intelligence software (e.g. Tableau, Power BI)

Skills and Competencies:

Demonstrated leadership capabilities

Proficiency in Microsoft O","https://www.dataanalyst.com/job/data-analyst-c0078"
"Regions Bank","Data Analyst","Power BI","ficient reporting.

Experience using data visualization tools such as Power BI or Tableau for reporting, visualization, and design.

Previous experience building and maint","https://www.dataanalyst.com/job/data-analyst-c0078"
"World's Finest Chocolate","Data Analyst, Sales","Power BI","-starter with strong Excel/SQL skills, early experience in Tableau or Power BI, project management discipline (timelines, stakeholders, deliverables), and a passion for CP","https://www.dataanalyst.com/job/data-analyst-sales-24bac"
"World's Finest Chocolate","Data Analyst, Sales","Power BI","na, Nielsen, etc.).

Proven ability to build dashboards in Tableau or Power BI.

Intermediate Excel (VLOOKUP, pivot tables, index/match); intermediate SQL skills.

1+ year","https://www.dataanalyst.com/job/data-analyst-sales-24bac"
